{"cameraMode":{"drawMode":0,"name":"Shaded","section":"Shading Mode"},"sceneLighting":true,"audioPlay":false,"sceneViewState":{"showFog":true,"showMaterialUpdate":true,"showSkybox":true,"showFlares":true,"showImageEffects":true,"showParticleSystems":true},"in2DMode":false,"pivot":{"x":13.595958709716797,"y":-1.3306827545166016,"z":15.92723274230957},"rotation":{"x":-0.08357073366641998,"y":0.7669870257377625,"z":-0.10208136588335037,"w":-0.6279900670051575},"size":17.039281845092775,"orthographic":false}