{"cameraMode":{"drawMode":0,"name":"Shaded","section":"Shading Mode"},"sceneLighting":false,"audioPlay":false,"sceneViewState":{"showFog":true,"showMaterialUpdate":true,"showSkybox":false,"showFlares":true,"showImageEffects":true,"showParticleSystems":true},"in2DMode":false,"pivot":{"x":5.960464477539063e-8,"y":1.1500000953674317,"z":2.009999990463257},"rotation":{"x":-0.33199185132980349,"y":0.0022764781024307014,"z":-0.0007984436233527958,"w":-0.9432991147041321},"size":4.041658878326416,"orthographic":false}