{"cameraMode":{"drawMode":0,"name":"Shaded","section":"Shading Mode"},"sceneLighting":false,"audioPlay":false,"sceneViewState":{"showFog":true,"showMaterialUpdate":true,"showSkybox":false,"showFlares":true,"showImageEffects":true,"showParticleSystems":true},"in2DMode":false,"pivot":{"x":-3.2329978942871095,"y":-4.3925371170043949,"z":3.627831220626831},"rotation":{"x":0.06497829407453537,"y":-0.6954881548881531,"z":0.06340210884809494,"w":0.7128005027770996},"size":14.042603492736817,"orthographic":false}