{"cameraMode":{"drawMode":0,"name":"Shaded","section":"Shading Mode"},"sceneLighting":false,"audioPlay":false,"sceneViewState":{"showFog":true,"showMaterialUpdate":true,"showSkybox":false,"showFlares":true,"showImageEffects":true,"showParticleSystems":true},"in2DMode":false,"pivot":{"x":1.1705174446105958,"y":-0.7005012035369873,"z":7.883981704711914},"rotation":{"x":0.11460883170366287,"y":-0.7776068449020386,"z":0.14851339161396027,"w":0.6001377701759338},"size":5.613169193267822,"orthographic":false}