{"cameraMode":{"drawMode":0,"name":"Shaded","section":"Shading Mode"},"sceneLighting":false,"audioPlay":false,"sceneViewState":{"showFog":true,"showMaterialUpdate":true,"showSkybox":false,"showFlares":true,"showImageEffects":true,"showParticleSystems":true},"in2DMode":false,"pivot":{"x":-0.7691444754600525,"y":-2.5596532821655275,"z":12.407634735107422},"rotation":{"x":0.033168893307447436,"y":-0.9353237748146057,"z":0.3402647376060486,"w":0.09119497984647751},"size":4.538708209991455,"orthographic":false}